{
	"formatVersion": 2,
	"appVersion": "0.99.1",
	"files": [
		{
			"isClone": false,
			"noteId": "48rmKtUSs75x",
			"notePath": [
				"48rmKtUSs75x"
			],
			"title": "操作界面",
			"notePosition": 70,
			"prefix": null,
			"isExpanded": false,
			"type": "code",
			"mime": "application/javascript;env=frontend",
			"attributes": [
				{
					"type": "label",
					"name": "run",
					"value": "frontendStartup",
					"isInheritable": false,
					"position": 10
				},
				{
					"type": "label",
					"name": "widget",
					"value": "",
					"isInheritable": false,
					"position": 20
				},
				{
					"type": "label",
					"name": "backendModuleNoteId",
					"value": "wKHfGQW2yGQG",
					"isInheritable": false,
					"position": 30
				},
				{
					"type": "label",
					"name": "widgetType",
					"value": "note-context",
					"isInheritable": false,
					"position": 40
				},
				{
					"type": "label",
					"name": "parentWidget",
					"value": "right-pane",
					"isInheritable": false,
					"position": 50
				},
				{
					"type": "label",
					"name": "order",
					"value": "40",
					"isInheritable": false,
					"position": 60
				},
				{
					"type": "label",
					"name": "autoReadOnlyDisabled",
					"value": "",
					"isInheritable": false,
					"position": 70
				}
			],
			"dataFileName": "操作界面.js",
			"attachments": []
		},
		{
			"noImport": true,
			"dataFileName": "navigation.html"
		},
		{
			"noImport": true,
			"dataFileName": "index.html"
		},
		{
			"noImport": true,
			"dataFileName": "style.css"
		}
	]
}