{
	"formatVersion": 2,
	"appVersion": "0.99.1",
	"files": [
		{
			"isClone": false,
			"noteId": "YPasv7lr3tjL",
			"notePath": [
				"YPasv7lr3tjL"
			],
			"title": "代码块显示优化",
			"notePosition": 50,
			"prefix": null,
			"isExpanded": false,
			"type": "code",
			"mime": "application/javascript;env=frontend",
			"attributes": [
				{
					"type": "label",
					"name": "widget",
					"value": "",
					"isInheritable": false,
					"position": 10
				}
			],
			"dataFileName": "代码块显示优化.js",
			"attachments": [],
			"dirFileName": "代码块显示优化",
			"children": [
				{
					"isClone": false,
					"noteId": "nIFuHgHkHM8W",
					"notePath": [
						"YPasv7lr3tjL",
						"nIFuHgHkHM8W"
					],
					"title": "代码块增强配置css",
					"notePosition": 10,
					"prefix": null,
					"isExpanded": false,
					"type": "code",
					"mime": "text/css",
					"attributes": [
						{
							"type": "label",
							"name": "appCss",
							"value": "",
							"isInheritable": false,
							"position": 10
						}
					],
					"dataFileName": "代码块增强配置css.css",
					"attachments": []
				},
				{
					"isClone": false,
					"noteId": "urnXFakpcKJA",
					"notePath": [
						"YPasv7lr3tjL",
						"urnXFakpcKJA"
					],
					"title": "代码块优化示例",
					"notePosition": 20,
					"prefix": null,
					"isExpanded": false,
					"type": "text",
					"mime": "text/html",
					"attributes": [
						{
							"type": "label",
							"name": "readOnly",
							"value": "",
							"isInheritable": false,
							"position": 10
						}
					],
					"format": "html",
					"dataFileName": "代码块优化示例.html",
					"attachments": []
				}
			]
		},
		{
			"noImport": true,
			"dataFileName": "navigation.html"
		},
		{
			"noImport": true,
			"dataFileName": "index.html"
		},
		{
			"noImport": true,
			"dataFileName": "style.css"
		}
	]
}